{
  "arms": [
    "real",
    "shuffled"
  ],
  "base_count": 4,
  "definitions": {
    "non_orthogonality_norm": "Frobenius norm of T^T T - I.",
    "symmetric_residual_norm": "Frobenius norm of 0.5 * ((T - I) + (T - I)^T).",
    "transport_residual_norm": "Frobenius norm of T - I."
  },
  "device": "mps:0",
  "levels": [
    "low",
    "high"
  ],
  "rows": [
    {
      "H": 6.032262408139081e-06,
      "abs_theta": 3.898253289495732e-06,
      "abs_theta_over_rho2": 7.4597838051142755e-06,
      "area": 0.6462340372056727,
      "arm": "real",
      "base_point_id": "bp-000",
      "log_H": -12.018388425529256,
      "magnitude_level": "low",
      "max_condition": 1.145985735720466,
      "non_orthogonality_norm": 1.0238873639784086e-05,
      "plane_type": "active-feature",
      "radius_scale": 1.0,
      "rho": 0.7228894829750061,
      "runtime_seconds": 36.612679082900286,
      "symmetric_residual_norm": 5.1194572061590735e-06,
      "theta": -3.898253289495732e-06,
      "theta_over_rho2": -7.4597838051142755e-06,
      "transport_residual_norm": 7.523403452150007e-06
    },
    {
      "H": 5.423875338920907e-06,
      "abs_theta": 3.5666177335237024e-06,
      "abs_theta_over_rho2": 6.825158662539142e-06,
      "area": 0.6575773797620669,
      "arm": "real",
      "base_point_id": "bp-000",
      "log_H": -12.124699990827594,
      "magnitude_level": "high",
      "max_condition": 1.1832010523082137,
      "non_orthogonality_norm": 8.971441895486573e-06,
      "plane_type": "active-feature",
      "radius_scale": 1.0,
      "rho": 0.7228894829750061,
      "runtime_seconds": 35.00010637473315,
      "symmetric_residual_norm": 4.485737724187768e-06,
      "theta": 3.5666177335237024e-06,
      "theta_over_rho2": 6.825158662539142e-06,
      "transport_residual_norm": 6.750064225203546e-06
    },
    {
      "H": 1.9804662443905695e-05,
      "abs_theta": 1.1484278254999419e-05,
      "abs_theta_over_rho2": 2.1976569139547313e-05,
      "area": 0.5798775054877732,
      "arm": "shuffled",
      "base_point_id": "bp-000",
      "log_H": -10.8295931710192,
      "magnitude_level": "low",
      "max_condition": 1.302239111109446,
      "non_orthogonality_norm": 1.2927359711439334e-05,
      "plane_type": "mixed-feature",
      "radius_scale": 1.0,
      "rho": 0.7228894829750061,
      "runtime_seconds": 34.682579749729484,
      "symmetric_residual_norm": 6.463768472252707e-06,
      "theta": 1.1484278254999419e-05,
      "theta_over_rho2": 2.1976569139547313e-05,
      "transport_residual_norm": 1.748020586089858e-05
    },
    {
      "H": 2.9956705615480422e-05,
      "abs_theta": 1.8131033794620246e-05,
      "abs_theta_over_rho2": 3.46959477044612e-05,
      "area": 0.6052412447265515,
      "arm": "shuffled",
      "base_point_id": "bp-000",
      "log_H": -10.41575736479113,
      "magnitude_level": "high",
      "max_condition": 1.3608863039020935,
      "non_orthogonality_norm": 1.75443325030463e-05,
      "plane_type": "mixed-feature",
      "radius_scale": 1.0,
      "rho": 0.7228894829750061,
      "runtime_seconds": 35.142147957812995,
      "symmetric_residual_norm": 8.772312405299943e-06,
      "theta": 1.8131033794620246e-05,
      "theta_over_rho2": 3.46959477044612e-05,
      "transport_residual_norm": 2.7100225789825115e-05
    },
    {
      "H": 9.13324184648037e-06,
      "abs_theta": 6.240277997751312e-06,
      "abs_theta_over_rho2": 1.085815308218588e-05,
      "area": 0.6832489605162592,
      "arm": "real",
      "base_point_id": "bp-001",
      "log_H": -11.603589850097247,
      "magnitude_level": "low",
      "max_condition": 1.1916909083003353,
      "non_orthogonality_norm": 1.845611067757079e-05,
      "plane_type": "active-feature",
      "radius_scale": 1.0,
      "rho": 0.7580956220626831,
      "runtime_seconds": 36.05788420885801,
      "symmetric_residual_norm": 9.2281187369118e-06,
      "theta": -6.240277997751312e-06,
      "theta_over_rho2": -1.085815308218588e-05,
      "transport_residual_norm": 1.2768724070986141e-05
    },
    {
      "H": 8.971557540923205e-06,
      "abs_theta": 6.425788241934305e-06,
      "abs_theta_over_rho2": 1.1180942969171439e-05,
      "area": 0.7162399853786223,
      "arm": "real",
      "base_point_id": "bp-001",
      "log_H": -11.62145125806815,
      "magnitude_level": "high",
      "max_condition": 1.2418652384130888,
      "non_orthogonality_norm": 2.5693093145664385e-05,
      "plane_type": "active-feature",
      "radius_scale": 1.0,
      "rho": 0.7580956220626831,
      "runtime_seconds": 36.74884191574529,
      "symmetric_residual_norm": 1.2846650489514005e-05,
      "theta": 6.425788241934305e-06,
      "theta_over_rho2": 1.1180942969171439e-05,
      "transport_residual_norm": 1.5735880587373962e-05
    },
    {
      "H": 2.2127394087150306e-05,
      "abs_theta": 1.2514546460276717e-05,
      "abs_theta_over_rho2": 2.1775449950912155e-05,
      "area": 0.5655680199388726,
      "arm": "shuffled",
      "base_point_id": "bp-001",
      "log_H": -10.718694165595444,
      "magnitude_level": "low",
      "max_condition": 1.110957072938747,
      "non_orthogonality_norm": 1.3502153404750654e-05,
      "plane_type": "mixed-feature",
      "radius_scale": 1.0,
      "rho": 0.7580956220626831,
      "runtime_seconds": 37.55454241717234,
      "symmetric_residual_norm": 6.751194068551729e-06,
      "theta": 1.2514546460276717e-05,
      "theta_over_rho2": 2.1775449950912155e-05,
      "transport_residual_norm": 1.894218486775211e-05
    },
    {
      "H": 2.4787449204130376e-05,
      "abs_theta": 1.537724173538795e-05,
      "abs_theta_over_rho2": 2.6756571550944877e-05,
      "area": 0.6203640240975508,
      "arm": "shuffled",
      "base_point_id": "bp-001",
      "log_H": -10.6051731133739,
      "magnitude_level": "high",
      "max_condition": 1.1179421659179205,
      "non_orthogonality_norm": 1.8354501930514788e-05,
      "plane_type": "mixed-feature",
      "radius_scale": 1.0,
      "rho": 0.7580956220626831,
      "runtime_seconds": 37.98200312489644,
      "symmetric_residual_norm": 9.177442057397873e-06,
      "theta": -1.537724173538795e-05,
      "theta_over_rho2": -2.6756571550944877e-05,
      "transport_residual_norm": 2.360391004672763e-05
    },
    {
      "H": 5.0260366343650826e-06,
      "abs_theta": 3.518598044874419e-06,
      "abs_theta_over_rho2": 6.270038301026331e-06,
      "area": 0.7000740943303745,
      "arm": "real",
      "base_point_id": "bp-002",
      "log_H": -12.200878829899068,
      "magnitude_level": "low",
      "max_condition": 1.0224058398104616,
      "non_orthogonality_norm": 6.105629095399688e-06,
      "plane_type": "active-feature",
      "radius_scale": 1.0,
      "rho": 0.7491171360015869,
      "runtime_seconds": 38.90408979076892,
      "symmetric_residual_norm": 3.052826609735592e-06,
      "theta": 3.518598044874419e-06,
      "theta_over_rho2": 6.270038301026331e-06,
      "transport_residual_norm": 5.837877586237816e-06
    },
    {
      "H": 7.493495769021562e-06,
      "abs_theta": 5.1782553959614325e-06,
      "abs_theta_over_rho2": 9.227498921756848e-06,
      "area": 0.6910333381875741,
      "arm": "real",
      "base_point_id": "bp-002",
      "log_H": -11.801475144481316,
      "magnitude_level": "high",
      "max_condition": 1.0346367734233266,
      "non_orthogonality_norm": 6.483189645242912e-06,
      "plane_type": "active-feature",
      "radius_scale": 1.0,
      "rho": 0.7491171360015869,
      "runtime_seconds": 38.80378529196605,
      "symmetric_residual_norm": 3.241617430092056e-06,
      "theta": 5.1782553959614325e-06,
      "theta_over_rho2": 9.227498921756848e-06,
      "transport_residual_norm": 8.008541780791557e-06
    },
    {
      "H": 3.7666227070477596e-05,
      "abs_theta": 2.3077825630281888e-05,
      "abs_theta_over_rho2": 4.112400699393868e-05,
      "area": 0.6126927867529915,
      "arm": "shuffled",
      "base_point_id": "bp-002",